smiles,src,sim_src,qed,sa,logp,chiral,mw,epoch
C,C,1.0,0.3597849378839701,7.3284153846153846,0.6361,0,16.04,0
